Workbook

Sheet Station Info
A1: STATION_NUMBER | B1: STATION_NAME | C1: PROV_TERR_STATE_LOC | D1: REGIONAL_OFFICE_ID | E1: HYD_STATUS | F1: SED_STATUS | G1: LATITUDE | H1: LONGITUDE | I1: DRAINAGE_AREA_GROSS
A2: 10EA003 | B2: FLAT RIVER NEAR THE MOUTH | C2: NT | D2: 9 | E2: ACTIVE | F2: DISCONTINUED | G2: 61.529968 | H2: -125.41075 | I2: 8560
A3: 10EB001 | B3: SOUTH NAHANNI RIVER ABOVE VIRGINIA FALLS | C3: NT | D3: 9 | E3: ACTIVE | G3: 61.636108 | H3: -125.79703 | I3: 14500
A4: 10EC001 | B4: SOUTH NAHANNI RIVER ABOVE CLAUSEN CREEK | C4: NT | D4: 9 | E4: DISCONTINUED | G4: 61.263329 | H4: -124.06972 | I4: 31100
A5: 10ED001 | B5: LIARD RIVER AT FORT LIARD | C5: NT | D5: 9 | E5: ACTIVE | G5: 60.241562 | H5: -123.47542 | I5: 222000

Sheet 10EA003
B1: Return Period Peak Flows Estimated Through Frequency Analysis Using Hyfran Station: Flat River Near The Mouth (ID: 10EA003)
B5: FFA: Annual Instantaneous Flows
B6: Fit: | C6: Lognormal | Q6: Test | R6: p
B7: RI | C7: Probability | D7: Flow (m3/s) | E7: STD | F7: CI | Q7: Wald-Woldowitz | R7: 0.494
B8: 10000 | C8: 0.9999 | D8: 2950 | E8: 438 | F8: 2090 - 3800 | Q8: Kendall | R8: 0.536
B9: 2000 | C9: 0.9995 | D9: 2470 | E9: 331 | F9: 1820 - 3120 | Q9: Wilcoxon (annual) | R9: 0.689
B10: 1000 | C10: 0.999 | D10: 2280 | E10: 290 | F10: 1710 - 2850
B11: 200 | C11: 0.995 | D11: 1850 | E11: 203 | F11: 1450 - 2250
B12: 100 | C12: 0.99 | D12: 1670 | E12: 170 | F12: 1340 - 2010
B13: 50 | C13: 0.98 | D13: 1500 | E13: 139 | F13: 1220 - 1770
B14: 20 | C14: 0.95 | D14: 1270 | E14: 103 | F14: 1070 - 1470
B15: 10 | C15: 0.9 | D15: 1090 | E15: 77.8 | F15: 941 - 1250
B16: 5 | C16: 0.8 | D16: 914 | E16: 56 | F16: 804 - 1020
B17: 3 | C17: 0.6667 | D17: 773 | E17: 42.5 | F17: 690 - 856
B18: 2 | C18: 0.5 | D18: 649 | E18: 34.1 | F18: 582 - 716
B19: 1.4286 | C19: 0.3 | D19: 525 | E19: 29.4 | F19: 467 - 582
B20: 1.25 | C20: 0.2 | D20: 461 | E20: 28.2 | F20: 406 - 516
B21: 1.1111 | C21: 0.1 | D21: 385 | E21: 27.4 | F21: 332 - 439
... B28: 1.0001 | C28: 0.0001 | D28: 143 | E28: 21.3 | F28: 101 - 185

Sheet 10EB001
B1: Return Period Peak Flows Estimated Through Frequency Analysis Using Hyfran Station: South Nahanni River Above Virginia Falls (ID: 10EB001)
B5: FFA: Annual Instantaneous Flows
B6: Fit: | C6: Normal | Q6: Test | R6: p
B7: RI | C7: Probability | D7: Flow (m3/s) | E7: STD | F7: CI | Q7: Wald-Woldowitz | R7: 0.694
B8: 10000 | C8: 0.9999 | D8: 2780 | E8: 131 | F8: 2520 - 3040 | Q8: Kendall | R8: 1
B9: 2000 | C9: 0.9995 | D9: 2630 | E9: 118 | F9: 2400 - 2860 | Q9: Wilcoxon (annual) | R9: 0.451
B10: 1000 | C10: 0.999 | D10: 2560 | E10: 112 | F10: 2340 - 2780
B11: 200 | C11: 0.995 | D11: 2380 | E11: 96.8 | F11: 2190 - 2570
B12: 100 | C12: 0.99 | D12: 2300 | E12: 89.6 | F12: 2120 - 2470
B13: 50 | C13: 0.98 | D13: 2200 | E13: 82.1 | F13: 2040 - 2360
B14: 20 | C14: 0.95 | D14: 2060 | E14: 71.3 | F14: 1920 - 2200
B15: 10 | C15: 0.9 | D15: 1930 | E15: 62.7 | F15: 1810 - 2060
B16: 5 | C16: 0.8 | D16: 1780 | E16: 54 | F16: 1680 - 1890
B17: 3 | C17: 0.6667 | D17: 1640 | E17: 48.4 | F17: 1540 - 1730
B18: 2 | C18: 0.5 | D18: 1490 | E18: 46.3 | F18: 1400 - 1580
B19: 1.4286 | C19: 0.3 | D19: 1310 | E19: 49.4 | F19: 1210 - 1410
B20: 1.25 | C20: 0.2 | D20: 1200 | E20: 54 | F20: 1090 - 1310
B21: 1.1111 | C21: 0.1 | D21: 1050 | E21: 62.7 | F21: 924 - 1170
... B28: 1.0001 | C28: 0.0001 | D28: 203 | E28: 131 | F28: -53.9 - 460

Sheet 10EC001
B1: Return Period Peak Flows Estimated Through Frequency Analysis Using Hyfran Station: South Nahanni River Above Clausen Creek (ID: 10EC001)
B5: FFA: Annual Instantaneous Flows
B6: Fit: | C6: Lognormal | O6: Test | P6: p
B7: RI | C7: Probability | D7: Flow (m3/s) | E7: STD | F7: CI | O7: Wald-Woldowitz | P7: 0.63
B8: 10000 | C8: 0.9999 | D8: 6210 | E8: 890 | F8: 4460 - 7950 | O8: Kendall | P8: 0.967
B9: 2000 | C9: 0.9995 | D9: 5550 | E9: 716 | F9: 4150 - 6960 | O9: Wilcoxon (annual) | P9: 0.66
B10: 1000 | C10: 0.999 | D10: 5270 | E10: 645 | F10: 4010 - 6530
B11: 200 | C11: 0.995 | D11: 4610 | E11: 487 | F11: 3650 - 5560
B12: 100 | C12: 0.99 | D12: 4320 | E12: 423 | F12: 3490 - 5150
B13: 50 | C13: 0.98 | D13: 4020 | E13: 360 | F13: 3320 - 4730
B14: 20 | C14: 0.95 | D14: 3620 | E14: 281 | F14: 3070 - 4170
B15: 10 | C15: 0.9 | D15: 3290 | E15: 224 | F15: 2850 - 3730
B16: 5 | C16: 0.8 | D16: 2930 | E16: 172 | F16: 2600 - 3270
B17: 3 | C17: 0.6667 | D17: 2640 | E17: 138 | F17: 2370 - 2910
B18: 2 | C18: 0.5 | D18: 2360 | E18: 118 | F18: 2130 - 2590
B19: 1.4286 | C19: 0.3 | D19: 2060 | E19: 110 | F19: 1840 - 2270
B20: 1.25 | C20: 0.2 | D20: 1890 | E20: 111 | F20: 1680 - 2110
B21: 1.1111 | C21: 0.1 | D21: 1690 | E21: 115 | F21: 1460 - 1910
... B28: 1.0001 | C28: 0.0001 | D28: 895 | E28: 128 | F28: 643 - 1150

Sheet 10ED001
B1: Return Period Peak Flows Estimated Through Frequency Analysis Using Hyfran Station: Liard River at Fort Liard (ID: 10ED001)
B5: FFA: Annual Instantaneous Flows
B6: Fit: | C6: Normal
B7: RI | C7: Probability | D7: Flow (m3/s) | E7: STD | F7: CI
B8: 10000 | C8: 0.9999 | D8: 18500 | E8: 874 | F8: 1.68E+004 -2.02E+004
B9: 2000 | C9: 0.9995 | D9: 17400 | E9: 787 | F9: 1.58E+004 -1.89E+004
B10: 1000 | C10: 0.999 | D10: 16800 | E10: 747 | F10: 1.54E+004 -1.83E+004
B11: 200 | C11: 0.995 | D11: 15500 | E11: 645 | F11: 1.42E+004 -1.67E+004
B12: 100 | C12: 0.99 | D12: 14800 | E12: 598 | F12: 1.36E+004 -1.60E+004
B13: 50 | C13: 0.98 | D13: 14100 | E13: 547 | F13: 1.30E+004 -1.51E+004
B14: 20 | C14: 0.95 | D14: 13000 | E14: 476 | F14: 1.21E+004 -1.39E+004
B15: 10 | C15: 0.9 | D15: 12000 | E15: 418 | F15: 1.12E+004 -1.28E+004
B16: 5 | C16: 0.8 | D16: 10900 | E16: 360 | F16: 1.01E+004 -1.16E+004
B17: 3 | C17: 0.6667 | D17: 9760 | E17: 323 | F17: 9130 -1.04E+004
B18: 2 | C18: 0.5 | D18: 8620 | E18: 309 | F18: 8010 - 9220
B19: 1.4286 | C19: 0.3 | D19: 7220 | E19: 330 | F19: 6580 - 7870
... B26: 1.001 | C26: 0.001 | D26: 404 | E26: 747 | F26: -1060 - 1870
B27: 1.0005 | C27: 0.0005 | D27: -128 | E27: 787 | F27: -1670 - 1410 | H27: Test | I27: p
B28: 1.0001 | C28: 0.0001 | D28: -1270 | E28: 874 | F28: -2980 - 448 | H28: Wald-Woldowitz | I28: 0.786
H29: Kendall | I29: 0.368
H30: Wilcoxon (annual) | I30: 0.527

Sheet RFFA
B1: Estimated Regional Instantaneous Peak Flow for Each Station Using Frequency Analysis
J2: Estimated Peak Flows for Nahanni River Watershed at Nahanni-Liard Confluence Using Transposition Method
D3: Flood Flows (m3/s)
D4: ='Station Info'!B2 -> FLAT RIVER NEAR THE MOUTH | E4: ='Station Info'!B3 -> SOUTH NAHANNI RIVER ABOVE VIRGINIA FALLS | F4: ='Station Info'!B4 -> SOUTH NAHANNI RIVER ABOVE CLAUSEN CREEK | G4: ='Station Info'!B5 -> LIARD RIVER AT FORT LIARD
C5: Station Name | K5: Peak Flow (m3/s) | M5: Nahanni River Drainage Area at Nahanni-Liard Confluence | N5: Unit
C6: Station ID | D6: ='Station Info'!A2 -> 10EA003 | E6: ='Station Info'!A3 -> 10EB001 | F6: ='Station Info'!A4 -> 10EC001 | G6: ='Station Info'!A5 -> 10ED001 | J6: Drainage Area (1000 km2) | K6: =M7 -> 36.078
C7: Comment | D7: Medium - Natural | E7: Medium - Natural | F7: Medium - Natural | G7: Large - Cities/Towns | J7: 2-Year | K7: =EXP(INDEX(LINEST(LN(D8:G8), LN(D$16:G$16)), 2))*M$7^INDEX(LINEST(LN(D8:G8),LN(D$16:G$16)), 1) -> 2391.2372 | M7: 36.078 | N7: [1000 km2]
B8: Return Period (Year) | C8: 2 | D8: =VLOOKUP($C8,'10EA003'!$B$8:$D$28,3,FALSE) -> 649 | E8: =VLOOKUP($C8,'10EB001'!$B$8:$D$28,3,FALSE) -> 1490 | F8: =VLOOKUP($C8,'10EC001'!$B$8:$D$28,3,FALSE) -> 2360 | G8: =VLOOKUP($C8,'10ED001'!$B$8:$D$28,3,FALSE) -> 8620 | J8: 5-Year | K8: =EXP(INDEX(LINEST(LN(D9:G9), LN(D$16:G$16)), 2))*M$7^INDEX(LINEST(LN(D9:G9),LN(D$16:G$16)), 1) -> 3040.3637
C9: 5 | D9: =VLOOKUP($C9,'10EA003'!$B$8:$D$28,3,FALSE) -> 914 | E9: =VLOOKUP($C9,'10EB001'!$B$8:$D$28,3,FALSE) -> 1780 | F9: =VLOOKUP($C9,'10EC001'!$B$8:$D$28,3,FALSE) -> 2930 | G9: =VLOOKUP($C9,'10ED001'!$B$8:$D$28,3,FALSE) -> 10900 | J9: 10-Year | K9: =EXP(INDEX(LINEST(LN(D10:G10), LN(D$16:G$16)), 2))*M$7^INDEX(LINEST(LN(D10:G10),LN(D$16:G$16)), 1) -> 3410.0767
C10: 10 | D10: =VLOOKUP($C10,'10EA003'!$B$8:$D$28,3,FALSE) -> 1090 | E10: =VLOOKUP($C10,'10EB001'!$B$8:$D$28,3,FALSE) -> 1930 | F10: =VLOOKUP($C10,'10EC001'!$B$8:$D$28,3,FALSE) -> 3290 | G10: =VLOOKUP($C10,'10ED001'!$B$8:$D$28,3,FALSE) -> 12000 | J10: 20-Year | K10: =EXP(INDEX(LINEST(LN(D11:G11), LN(D$16:G$16)), 2))*M$7^INDEX(LINEST(LN(D11:G11),LN(D$16:G$16)), 1) -> 3754.2535
C11: 20 | D11: =VLOOKUP($C11,'10EA003'!$B$8:$D$28,3,FALSE) -> 1270 | E11: =VLOOKUP($C11,'10EB001'!$B$8:$D$28,3,FALSE) -> 2060 | F11: =VLOOKUP($C11,'10EC001'!$B$8:$D$28,3,FALSE) -> 3620 | G11: =VLOOKUP($C11,'10ED001'!$B$8:$D$28,3,FALSE) -> 13000 | J11: 50-Year | K11: =EXP(INDEX(LINEST(LN(D12:G12), LN(D$16:G$16)), 2))*M$7^INDEX(LINEST(LN(D12:G12),LN(D$16:G$16)), 1) -> 4156.8885
C12: 50 | D12: =VLOOKUP($C12,'10EA003'!$B$8:$D$28,3,FALSE) -> 1500 | E12: =VLOOKUP($C12,'10EB001'!$B$8:$D$28,3,FALSE) -> 2200 | F12: =VLOOKUP($C12,'10EC001'!$B$8:$D$28,3,FALSE) -> 4020 | G12: =VLOOKUP($C12,'10ED001'!$B$8:$D$28,3,FALSE) -> 14100 | J12: 100-Year | K12: =EXP(INDEX(LINEST(LN(D13:G13), LN(D$16:G$16)), 2))*M$7^INDEX(LINEST(LN(D13:G13),LN(D$16:G$16)), 1) -> 4440.8191
C13: 100 | D13: =VLOOKUP($C13,'10EA003'!$B$8:$D$28,3,FALSE) -> 1670 | E13: =VLOOKUP($C13,'10EB001'!$B$8:$D$28,3,FALSE) -> 2300 | F13: =VLOOKUP($C13,'10EC001'!$B$8:$D$28,3,FALSE) -> 4320 | G13: =VLOOKUP($C13,'10ED001'!$B$8:$D$28,3,FALSE) -> 14800 | J13: 200-Year | K13: =EXP(INDEX(LINEST(LN(D14:G14), LN(D$16:G$16)), 2))*M$7^INDEX(LINEST(LN(D14:G14),LN(D$16:G$16)), 1) -> 4716.4054
C14: 200 | D14: =VLOOKUP($C14,'10EA003'!$B$8:$D$28,3,FALSE) -> 1850 | E14: =VLOOKUP($C14,'10EB001'!$B$8:$D$28,3,FALSE) -> 2380 | F14: =VLOOKUP($C14,'10EC001'!$B$8:$D$28,3,FALSE) -> 4610 | G14: =VLOOKUP($C14,'10ED001'!$B$8:$D$28,3,FALSE) -> 15500
C15: 2012 | E15: =#REF! -> #REF! | F15: =#REF! -> #REF! | G15: 15315
C16: Drainage Area (1000 km2) | D16: ='Station Info'!I2/1000 -> 8.56 | E16: ='Station Info'!I3/1000 -> 14.5 | F16: ='Station Info'!I4/1000 -> 31.1 | G16: ='Station Info'!I5/1000 -> 222
C17: 100-yr Unit Runoff (m3/s/km2) | D17: =D13/D16 -> 195.09346 | E17: =E13/E16 -> 158.62069 | F17: =F13/F16 -> 138.90675 | G17: =G13/G16 -> 66.666667
C18: Frequency Analysis completed using HYFRAN software, best fit distribution selected based on minimum AIC: see following station specific pages
B21: Regional Instantaneous Peak Flow vs. Drainage Area Relationship | J21: Estimated Peak Flows for Liard River Watershed at Nahanni-Liard Confluence Using Transposition Method
K23: Peak Flow (m3/s) | M23: Liard River Drainage Area at Nahanni-Liard Confluence | N23: Unit
J24: Drainage Area (1000 km2) | K24: =M25 -> 228.655
J25: 2-Year | K25: =EXP(INDEX(LINEST(LN(D8:G8), LN(D$16:G$16)), 2))*M$25^INDEX(LINEST(LN(D8:G8),LN(D$16:G$16)), 1) -> 9470.2887 | M25: 228.655 | N25: [1000 km2]
J26: 5-Year | K26: =EXP(INDEX(LINEST(LN(D9:G9), LN(D$16:G$16)), 2))*M$25^INDEX(LINEST(LN(D9:G9),LN(D$16:G$16)), 1) -> 11700.596
J27: 10-Year | K27: =EXP(INDEX(LINEST(LN(D10:G10), LN(D$16:G$16)), 2))*M$25^INDEX(LINEST(LN(D10:G10),LN(D$16:G$16)), 1) -> 12772.393
J28: 20-Year | K28: =EXP(INDEX(LINEST(LN(D11:G11), LN(D$16:G$16)), 2))*M$25^INDEX(LINEST(LN(D11:G11),LN(D$16:G$16)), 1) -> 13721.477
J29: 50-Year | K29: =EXP(INDEX(LINEST(LN(D12:G12), LN(D$16:G$16)), 2))*M$25^INDEX(LINEST(LN(D12:G12),LN(D$16:G$16)), 1) -> 14758.047
J30: 100-Year | K30: =EXP(INDEX(LINEST(LN(D13:G13), LN(D$16:G$16)), 2))*M$25^INDEX(LINEST(LN(D13:G13),LN(D$16:G$16)), 1) -> 15430.221
J31: 200-Year | K31: =EXP(INDEX(LINEST(LN(D14:G14), LN(D$16:G$16)), 2))*M$25^INDEX(LINEST(LN(D14:G14),LN(D$16:G$16)), 1) -> 16084.021
B53: Regression Analysis of Regional Flood Frequency Statistics (Log-Log)
L62: 20-Year
L63: 100-Year
